<?xml version="1.0" encoding="UTF-8"?>
<DataTable>
   <!--  world.xml without Asia -->
   <Entry>
      <name>Albania</name>
      <continent>Europe</continent>
      <population>3011405</population>
      <gdp>13388</gdp>
      <area>27400</area>
      <capital>Tirana</capital>
      <ISO_2>AL</ISO_2>
   </Entry>
   <Entry>
      <name>Algeria</name>
      <continent>Africa</continent>
      <population>35818924</population>
      <gdp>210510</gdp>
      <area>2381740</area>
      <capital>Algiers</capital>
      <ISO_2>DZ</ISO_2>
   </Entry>
   <Entry>
      <name>American Samoa</name>
      <continent>Australia</continent>
      <population>68891</population>
      <gdp>0</gdp>
      <area>200</area>
      <capital>Pago Pago</capital>
      <ISO_2>AS</ISO_2>
   </Entry>
   <Entry>
      <name>Andorra</name>
      <continent>Europe</continent>
      <population>85293</population>
      <gdp>0</gdp>
      <area>470</area>
      <capital>Andorra la Vella</capital>
      <ISO_2>AD</ISO_2>
   </Entry>
   <Entry>
      <name>Angola</name>
      <continent>Africa</continent>
      <population>18565268</population>
      <gdp>125609</gdp>
      <area>1246700</area>
      <capital>Luanda</capital>
      <ISO_2>AO</ISO_2>
   </Entry>
   <Entry>
      <name>Antigua and Barbuda</name>
      <continent>North America</continent>
      <population>90156</population>
      <gdp>1231</gdp>
      <area>440</area>
      <capital>St. John's</capital>
      <ISO_2>AG</ISO_2>
   </Entry>
   <Entry>
      <name>Argentina</name>
      <continent>South America</continent>
      <population>42610980</population>
      <gdp>498698</gdp>
      <area>2736690</area>
      <capital>Buenos Aires</capital>
      <ISO_2>AR</ISO_2>
   </Entry>
   <Entry>
      <name>Aruba</name>
      <continent>North America</continent>
      <population>109153</population>
      <gdp>0</gdp>
      <area>180</area>
      <capital>Oranjestad</capital>
      <ISO_2>AW</ISO_2>
   </Entry>
   <Entry>
      <name>Australia</name>
      <continent>Australia</continent>
      <population>22262500</population>
      <gdp>1589117</gdp>
      <area>7682300</area>
      <capital>Canberra</capital>
      <ISO_2>AU</ISO_2>
   </Entry>
   <Entry>
      <name>Austria</name>
      <continent>Europe</continent>
      <population>8221646</population>
      <gdp>422894</gdp>
      <area>82409</area>
      <capital>Vienna</capital>
      <ISO_2>AT</ISO_2>
   </Entry>
   <Entry>
      <name>Bahamas</name>
      <continent>North America</continent>
      <population>319031</population>
      <gdp>8365</gdp>
      <area>10010</area>
      <capital>Nassau</capital>
      <ISO_2>BS</ISO_2>
   </Entry>
   <Entry>
      <name>Barbados</name>
      <continent>North America</continent>
      <population>288725</population>
      <gdp>4683</gdp>
      <area>430</area>
      <capital>Bridgetown</capital>
      <ISO_2>BB</ISO_2>
   </Entry>
   <Entry>
      <name>Belarus</name>
      <continent>Europe</continent>
      <population>9508350</population>
      <gdp>72912</gdp>
      <area>202910</area>
      <capital>Minsk</capital>
      <ISO_2>BY</ISO_2>
   </Entry>
   <Entry>
      <name>Belgium</name>
      <continent>Europe</continent>
      <population>10444268</population>
      <gdp>510592</gdp>
      <area>30280</area>
      <capital>Brussels</capital>
      <ISO_2>BE</ISO_2>
   </Entry>
   <Entry>
      <name>Belize</name>
      <continent>North America</continent>
      <population>334297</population>
      <gdp>1611</gdp>
      <area>22810</area>
      <capital>Belmopan</capital>
      <ISO_2>BZ</ISO_2>
   </Entry>
   <Entry>
      <name>Benin</name>
      <continent>Africa</continent>
      <population>9877292</population>
      <gdp>8243</gdp>
      <area>112760</area>
      <capital>Cotonou</capital>
      <ISO_2>BJ</ISO_2>
   </Entry>
   <Entry>
      <name>Bermuda</name>
      <continent>North America</continent>
      <population>69467</population>
      <gdp>0</gdp>
      <area>50</area>
      <capital>Hamilton</capital>
      <ISO_2>BM</ISO_2>
   </Entry>
   <Entry>
      <name>Bolivia</name>
      <continent>South America</continent>
      <population>10461053</population>
      <gdp>29513</gdp>
      <area>1083300</area>
      <capital>La Paz</capital>
      <ISO_2>BO</ISO_2>
   </Entry>
   <Entry>
      <name>Bosnia and Herzegovina</name>
      <continent>Europe</continent>
      <population>4621812</population>
      <gdp>18867</gdp>
      <area>51000</area>
      <capital>Sarajevo</capital>
      <ISO_2>BA</ISO_2>
   </Entry>
   <Entry>
      <name>Botswana</name>
      <continent>Africa</continent>
      <population>2127825</population>
      <gdp>18262</gdp>
      <area>566730</area>
      <capital>Gaborone</capital>
      <ISO_2>BW</ISO_2>
   </Entry>
   <Entry>
      <name>Brazil</name>
      <continent>South America</continent>
      <population>207964528</population>
      <gdp>2456663</gdp>
      <area>8459420</area>
      <capital>Brasilia</capital>
      <ISO_2>BR</ISO_2>
   </Entry>
   <Entry>
      <name>Bulgaria</name>
      <continent>Europe</continent>
      <population>6981642</population>
      <gdp>54446</gdp>
      <area>108560</area>
      <capital>Sofia</capital>
      <ISO_2>BG</ISO_2>
   </Entry>
   <Entry>
      <name>Burkina Faso</name>
      <continent>Africa</continent>
      <population>17812960</population>
      <gdp>11957</gdp>
      <area>273600</area>
      <capital>Ouagadougou</capital>
      <ISO_2>BF</ISO_2>
   </Entry>
   <Entry>
      <name>Burundi</name>
      <continent>Africa</continent>
      <population>10888321</population>
      <gdp>2592</gdp>
      <area>25680</area>
      <capital>Bujumbura</capital>
      <ISO_2>BI</ISO_2>
   </Entry>
   <Entry>
      <name>Cameroon</name>
      <continent>Africa</continent>
      <population>20549220</population>
      <gdp>28056</gdp>
      <area>472710</area>
      <capital>Yaoundé</capital>
      <ISO_2>CM</ISO_2>
   </Entry>
   <Entry>
      <name>Canada</name>
      <continent>North America</continent>
      <population>34568212</population>
      <gdp>1843750</gdp>
      <area>9093510</area>
      <capital>Ottawa</capital>
      <ISO_2>CA</ISO_2>
   </Entry>
   <Entry>
      <name>Cape Verde</name>
      <continent>Africa</continent>
      <population>531046</population>
      <gdp>2109</gdp>
      <area>4030</area>
      <capital>Praia</capital>
      <ISO_2>CV</ISO_2>
   </Entry>
   <Entry>
      <name>Cayman Islands</name>
      <continent>North America</continent>
      <population>53737</population>
      <gdp>0</gdp>
      <area>240</area>
      <capital>George Town</capital>
      <ISO_2>KY</ISO_2>
   </Entry>
   <Entry>
      <name>Central African Republic</name>
      <continent>Africa</continent>
      <population>5166510</population>
      <gdp>2385</gdp>
      <area>622980</area>
      <capital>Bangui</capital>
      <ISO_2>CF</ISO_2>
   </Entry>
   <Entry>
      <name>Chad</name>
      <continent>Africa</continent>
      <population>11193452</population>
      <gdp>12040</gdp>
      <area>1259200</area>
      <capital>N'Djamena</capital>
      <ISO_2>TD</ISO_2>
   </Entry>
   <Entry>
      <name>Chile</name>
      <continent>South America</continent>
      <population>17166364</population>
      <gdp>285703</gdp>
      <area>743532</area>
      <capital>Santiago</capital>
      <ISO_2>CL</ISO_2>
   </Entry>
   <Entry>
      <name>Colombia</name>
      <continent>South America</continent>
      <population>45745784</population>
      <gdp>388418</gdp>
      <area>1109500</area>
      <capital>Bogotá</capital>
      <ISO_2>CO</ISO_2>
   </Entry>
   <Entry>
      <name>Comoros</name>
      <continent>Africa</continent>
      <population>752288</population>
      <gdp>655</gdp>
      <area>1861</area>
      <capital>Moroni</capital>
      <ISO_2>KM</ISO_2>
   </Entry>
   <Entry>
      <name>Costa Rica</name>
      <continent>North America</continent>
      <population>4695942</population>
      <gdp>48886</gdp>
      <area>51060</area>
      <capital>San José</capital>
      <ISO_2>CR</ISO_2>
   </Entry>
   <Entry>
      <name>Côte d'Ivoire</name>
      <continent>Africa</continent>
      <population>22400836</population>
      <gdp>28339</gdp>
      <area>318000</area>
      <capital>Yamoussoukro</capital>
      <ISO_2>CI</ISO_2>
   </Entry>
   <Entry>
      <name>Croatia</name>
      <continent>Europe</continent>
      <population>4475611</population>
      <gdp>60109</gdp>
      <area>55960</area>
      <capital>Zagreb</capital>
      <ISO_2>HR</ISO_2>
   </Entry>
   <Entry>
      <name>Cuba</name>
      <continent>North America</continent>
      <population>11061886</population>
      <gdp>0</gdp>
      <area>106440</area>
      <capital>Havana</capital>
      <ISO_2>CU</ISO_2>
   </Entry>
   <Entry>
      <name>Czech Republic</name>
      <continent>Europe</continent>
      <population>10162921</population>
      <gdp>203496</gdp>
      <area>77240</area>
      <capital>Prague</capital>
      <ISO_2>CZ</ISO_2>
   </Entry>
   <Entry>
      <name>Democratic Republic of the Congo</name>
      <continent>Africa</continent>
      <population>75507312</population>
      <gdp>19352</gdp>
      <area>2267050</area>
      <capital>Kinshasa</capital>
      <ISO_2>CD</ISO_2>
   </Entry>
   <Entry>
      <name>Republic of Congo</name>
      <continent>Africa</continent>
      <population>4492689</population>
      <gdp>14832</gdp>
      <area>341500</area>
      <capital>Brazzaville</capital>
      <ISO_2>CG</ISO_2>
   </Entry>
   <Entry>
      <name>Denmark</name>
      <continent>Europe</continent>
      <population>5556452</population>
      <gdp>328035</gdp>
      <area>42430</area>
      <capital>Copenhagen</capital>
      <ISO_2>DK</ISO_2>
   </Entry>
   <Entry>
      <name>Djibouti</name>
      <continent>Africa</continent>
      <population>792198</population>
      <gdp>1456</gdp>
      <area>23180</area>
      <capital>Djibouti</capital>
      <ISO_2>DJ</ISO_2>
   </Entry>
   <Entry>
      <name>Dominica</name>
      <continent>North America</continent>
      <population>73286</population>
      <gdp>517</gdp>
      <area>750</area>
      <capital>Roseau</capital>
      <ISO_2>DM</ISO_2>
   </Entry>
   <Entry>
      <name>Dominican Republic</name>
      <continent>South America</continent>
      <population>10219630</population>
      <gdp>60336</gdp>
      <area>48320</area>
      <capital>Santo Domingo</capital>
      <ISO_2>DO</ISO_2>
   </Entry>
   <Entry>
      <name>Ecuador</name>
      <continent>South America</continent>
      <population>15439429</population>
      <gdp>87037</gdp>
      <area>248360</area>
      <capital>Quito</capital>
      <ISO_2>EC</ISO_2>
   </Entry>
   <Entry>
      <name>Egypt</name>
      <continent>Africa</continent>
      <population>85294384</population>
      <gdp>264701</gdp>
      <area>995450</area>
      <capital>Cairo</capital>
      <ISO_2>EG</ISO_2>
   </Entry>
   <Entry>
      <name>El Salvador</name>
      <continent>North America</continent>
      <population>6108590</population>
      <gdp>24618</gdp>
      <area>20720</area>
      <capital>San Salvador</capital>
      <ISO_2>SV</ISO_2>
   </Entry>
   <Entry>
      <name>Equatorial Guinea</name>
      <continent>Africa</continent>
      <population>704001</population>
      <gdp>16639</gdp>
      <area>28050</area>
      <capital>Malabo</capital>
      <ISO_2>GQ</ISO_2>
   </Entry>
   <Entry>
      <name>Eritrea</name>
      <continent>Africa</continent>
      <population>6233682</population>
      <gdp>3513</gdp>
      <area>101000</area>
      <capital>Asmara</capital>
      <ISO_2>ER</ISO_2>
   </Entry>
   <Entry>
      <name>Estonia</name>
      <continent>Europe</continent>
      <population>1266375</population>
      <gdp>24150</gdp>
      <area>42390</area>
      <capital>Tallinn (Reval)</capital>
      <ISO_2>EE</ISO_2>
   </Entry>
   <Entry>
      <name>Ethiopia</name>
      <continent>Africa</continent>
      <population>96838456</population>
      <gdp>46306</gdp>
      <area>1000000</area>
      <capital>Addis Ababa</capital>
      <ISO_2>ET</ISO_2>
   </Entry>
   <Entry>
      <name>Faroe Islands</name>
      <continent>Europe</continent>
      <population>49709</population>
      <gdp>0</gdp>
      <area>1396</area>
      <capital>Tórshavn</capital>
      <ISO_2>FO</ISO_2>
   </Entry>
   <Entry>
      <name>Fiji</name>
      <continent>Australia</continent>
      <population>896758</population>
      <gdp>4155</gdp>
      <area>18270</area>
      <capital>Suva</capital>
      <ISO_2>FJ</ISO_2>
   </Entry>
   <Entry>
      <name>Finland</name>
      <continent>Europe</continent>
      <population>5266114</population>
      <gdp>265485</gdp>
      <area>303890</area>
      <capital>Helsinki</capital>
      <ISO_2>FI</ISO_2>
   </Entry>
   <Entry>
      <name>France</name>
      <continent>Europe</continent>
      <population>65729328</population>
      <gdp>2739274</gdp>
      <area>547660</area>
      <capital>Paris</capital>
      <ISO_2>FR</ISO_2>
   </Entry>
   <Entry>
      <name>French Polynesia</name>
      <continent>Australia</continent>
      <population>277293</population>
      <gdp>0</gdp>
      <area>3660</area>
      <capital>Papeete</capital>
      <ISO_2>PF</ISO_2>
   </Entry>
   <Entry>
      <name>Gabon</name>
      <continent>Africa</continent>
      <population>1640286</population>
      <gdp>19302</gdp>
      <area>257670</area>
      <capital>Libreville</capital>
      <ISO_2>GA</ISO_2>
   </Entry>
   <Entry>
      <name>Gambia</name>
      <continent>Africa</continent>
      <population>1883051</population>
      <gdp>997</gdp>
      <area>10120</area>
      <capital>Banjul</capital>
      <ISO_2>GM</ISO_2>
   </Entry>
   <Entry>
      <name>Georgia</name>
      <continent>Europe</continent>
      <population>4555911</population>
      <gdp>17007</gdp>
      <area>69490</area>
      <capital>Tbilisi</capital>
      <ISO_2>GE</ISO_2>
   </Entry>
   <Entry>
      <name>Germany</name>
      <continent>Europe</continent>
      <population>81147264</population>
      <gdp>3597965</gdp>
      <area>348570</area>
      <capital>Berlin</capital>
      <ISO_2>DE</ISO_2>
   </Entry>
   <Entry>
      <name>Ghana</name>
      <continent>Africa</continent>
      <population>25691896</population>
      <gdp>42715</gdp>
      <area>227540</area>
      <capital>Accra</capital>
      <ISO_2>GH</ISO_2>
   </Entry>
   <Entry>
      <name>Greece</name>
      <continent>Europe</continent>
      <population>10772967</population>
      <gdp>243836</gdp>
      <area>128900</area>
      <capital>Athens</capital>
      <ISO_2>GR</ISO_2>
   </Entry>
   <Entry>
      <name>Greenland</name>
      <continent>North America</continent>
      <population>57714</population>
      <gdp>0</gdp>
      <area>410450</area>
      <capital>Nuuk</capital>
      <ISO_2>GL</ISO_2>
   </Entry>
   <Entry>
      <name>Grenada</name>
      <continent>North America</continent>
      <population>109590</population>
      <gdp>822</gdp>
      <area>340</area>
      <capital>St. George's</capital>
      <ISO_2>GD</ISO_2>
   </Entry>
   <Entry>
      <name>Guatemala</name>
      <continent>North America</continent>
      <population>14373472</population>
      <gdp>52867</gdp>
      <area>107160</area>
      <capital>Guatemala City</capital>
      <ISO_2>GT</ISO_2>
   </Entry>
   <Entry>
      <name>Guinea</name>
      <continent>Africa</continent>
      <population>11176026</population>
      <gdp>6273</gdp>
      <area>245720</area>
      <capital>Conakry</capital>
      <ISO_2>GN</ISO_2>
   </Entry>
   <Entry>
      <name>Guinea-Bissau</name>
      <continent>Africa</continent>
      <population>1660870</population>
      <gdp>940</gdp>
      <area>28120</area>
      <capital>Bissau</capital>
      <ISO_2>GW</ISO_2>
   </Entry>
   <Entry>
      <name>Guyana</name>
      <continent>South America</continent>
      <population>739903</population>
      <gdp>3011</gdp>
      <area>196850</area>
      <capital>Georgetown</capital>
      <ISO_2>GY</ISO_2>
   </Entry>
   <Entry>
      <name>Haiti</name>
      <continent>North America</continent>
      <population>9893934</population>
      <gdp>8535</gdp>
      <area>27560</area>
      <capital>Port-au-Prince</capital>
      <ISO_2>HT</ISO_2>
   </Entry>
   <Entry>
      <name>Honduras</name>
      <continent>North America</continent>
      <population>8448465</population>
      <gdp>19025</gdp>
      <area>111890</area>
      <capital>Tegucigalpa</capital>
      <ISO_2>HN</ISO_2>
   </Entry>
   <Entry>
      <name>Hungary</name>
      <continent>Europe</continent>
      <population>9939470</population>
      <gdp>132669</gdp>
      <area>90530</area>
      <capital>Budapest</capital>
      <ISO_2>HU</ISO_2>
   </Entry>
   <Entry>
      <name>Iceland</name>
      <continent>Europe</continent>
      <population>315281</population>
      <gdp>14511</gdp>
      <area>100250</area>
      <capital>Reykjavik</capital>
      <ISO_2>IS</ISO_2>
   </Entry>
   <Entry>
      <name>Ireland</name>
      <continent>Europe</continent>
      <population>4775982</population>
      <gdp>222499</gdp>
      <area>68890</area>
      <capital>Dublin</capital>
      <ISO_2>IE</ISO_2>
   </Entry>
   <Entry>
      <name>Isle of Man</name>
      <continent>Europe</continent>
      <population>86159</population>
      <gdp>0</gdp>
      <area>570</area>
      <capital>Douglas</capital>
      <ISO_2>IM</ISO_2>
   </Entry>
   <Entry>
      <name>Italy</name>
      <continent>Europe</continent>
      <population>61482296</population>
      <gdp>2076006</gdp>
      <area>294140</area>
      <capital>Rome</capital>
      <ISO_2>IT</ISO_2>
   </Entry>
   <Entry>
      <name>Jamaica</name>
      <continent>North America</continent>
      <population>2909714</population>
      <gdp>15477</gdp>
      <area>10830</area>
      <capital>Kingston</capital>
      <ISO_2>JM</ISO_2>
   </Entry>
   <Entry>
      <name>Kenya</name>
      <continent>Africa</continent>
      <population>44037656</population>
      <gdp>46481</gdp>
      <area>569140</area>
      <capital>Nairobi</capital>
      <ISO_2>KE</ISO_2>
   </Entry>
   <Entry>
      <name>Kiribati</name>
      <continent>Australia</continent>
      <population>103248</population>
      <gdp>182</gdp>
      <area>810</area>
      <capital>Tarawa Atoll</capital>
      <ISO_2>KI</ISO_2>
   </Entry>
   <Entry>
      <name>Latvia</name>
      <continent>Europe</continent>
      <population>2178443</population>
      <gdp>31115</gdp>
      <area>62200</area>
      <capital>Riga</capital>
      <ISO_2>LV</ISO_2>
   </Entry>
   <Entry>
      <name>Lesotho</name>
      <continent>Africa</continent>
      <population>1936181</population>
      <gdp>2616</gdp>
      <area>30360</area>
      <capital>Maseru</capital>
      <ISO_2>LS</ISO_2>
   </Entry>
   <Entry>
      <name>Liberia</name>
      <continent>Africa</continent>
      <population>3989703</population>
      <gdp>1963</gdp>
      <area>96320</area>
      <capital>Monrovia</capital>
      <ISO_2>LR</ISO_2>
   </Entry>
   <Entry>
      <name>Libya</name>
      <continent>Africa</continent>
      <population>6867995</population>
      <gdp>96367</gdp>
      <area>1759540</area>
      <capital>Tripoli</capital>
      <ISO_2>LY</ISO_2>
   </Entry>
   <Entry>
      <name>Liechtenstein</name>
      <continent>Europe</continent>
      <population>37009</population>
      <gdp>0</gdp>
      <area>160</area>
      <capital>Vaduz</capital>
      <ISO_2>LI</ISO_2>
   </Entry>
   <Entry>
      <name>Lithuania</name>
      <continent>Europe</continent>
      <population>3515858</population>
      <gdp>45894</gdp>
      <area>62674</area>
      <capital>Vilnius</capital>
      <ISO_2>LT</ISO_2>
   </Entry>
   <Entry>
      <name>Luxembourg</name>
      <continent>Europe</continent>
      <population>514862</population>
      <gdp>60499</gdp>
      <area>2590</area>
      <capital>Luxembourg</capital>
      <ISO_2>LU</ISO_2>
   </Entry>
   <Entry>
      <name>Republic of Macedonia</name>
      <continent>Europe</continent>
      <population>2087171</population>
      <gdp>10459</gdp>
      <area>25220</area>
      <capital>Skopje</capital>
      <ISO_2>MK</ISO_2>
   </Entry>
   <Entry>
      <name>Madagascar</name>
      <continent>Africa</continent>
      <population>23259610</population>
      <gdp>10702</gdp>
      <area>581540</area>
      <capital>Antananarivo</capital>
      <ISO_2>MG</ISO_2>
   </Entry>
   <Entry>
      <name>Malawi</name>
      <continent>Africa</continent>
      <population>16777548</population>
      <gdp>3816</gdp>
      <area>94280</area>
      <capital>Lilongwe</capital>
      <ISO_2>MW</ISO_2>
   </Entry>
   <Entry>
      <name>Mali</name>
      <continent>Africa</continent>
      <population>14917533</population>
      <gdp>11418</gdp>
      <area>1220190</area>
      <capital>Bamako</capital>
      <ISO_2>ML</ISO_2>
   </Entry>
   <Entry>
      <name>Malta</name>
      <continent>Europe</continent>
      <population>411277</population>
      <gdp>9261</gdp>
      <area>320</area>
      <capital>Valletta</capital>
      <ISO_2>MT</ISO_2>
   </Entry>
   <Entry>
      <name>Marshall Islands</name>
      <continent>Australia</continent>
      <population>69747</population>
      <gdp>193</gdp>
      <area>180</area>
      <capital>Majuro</capital>
      <ISO_2>MH</ISO_2>
   </Entry>
   <Entry>
      <name>Mauritania</name>
      <continent>Africa</continent>
      <population>3437610</population>
      <gdp>4547</gdp>
      <area>1030700</area>
      <capital>Nouakchott</capital>
      <ISO_2>MR</ISO_2>
   </Entry>
   <Entry>
      <name>Mauritius</name>
      <continent>Africa</continent>
      <population>1322238</population>
      <gdp>12121</gdp>
      <area>2030</area>
      <capital>Port Louis</capital>
      <ISO_2>MU</ISO_2>
   </Entry>
   <Entry>
      <name>Mexico</name>
      <continent>North America</continent>
      <population>116220944</population>
      <gdp>1274966</gdp>
      <area>1943950</area>
      <capital>Mexiko City</capital>
      <ISO_2>MX</ISO_2>
   </Entry>
   <Entry>
      <name>Micronesia</name>
      <continent>Australia</continent>
      <population>106104</population>
      <gdp>339</gdp>
      <area>700</area>
      <capital>Palikir</capital>
      <ISO_2>FM</ISO_2>
   </Entry>
   <Entry>
      <name>Moldova</name>
      <continent>Europe</continent>
      <population>3619925</population>
      <gdp>7889</gdp>
      <area>32854</area>
      <capital>Chisinau</capital>
      <ISO_2>MD</ISO_2>
   </Entry>
   <Entry>
      <name>Monaco</name>
      <continent>Europe</continent>
      <population>30500</population>
      <gdp>0</gdp>
      <area>2</area>
      <capital>Monaco</capital>
      <ISO_2>MC</ISO_2>
   </Entry>
   <Entry>
      <name>Montenegro</name>
      <continent>Europe</continent>
      <population>653474</population>
      <gdp>4567</gdp>
      <area>13450</area>
      <capital>Podgorica</capital>
      <ISO_2>ME</ISO_2>
   </Entry>
   <Entry>
      <name>Morocco</name>
      <continent>Africa</continent>
      <population>32649130</population>
      <gdp>107111</gdp>
      <area>446300</area>
      <capital>Rabat</capital>
      <ISO_2>MA</ISO_2>
   </Entry>
   <Entry>
      <name>Mozambique</name>
      <continent>Africa</continent>
      <population>24096668</population>
      <gdp>15769</gdp>
      <area>786380</area>
      <capital>Maputo</capital>
      <ISO_2>MZ</ISO_2>
   </Entry>
   <Entry>
      <name>Namibia</name>
      <continent>Africa</continent>
      <population>2182852</population>
      <gdp>12868</gdp>
      <area>823290</area>
      <capital>Windhoek</capital>
      <ISO_2>NA</ISO_2>
   </Entry>
   <Entry>
      <name>Netherlands</name>
      <continent>Europe</continent>
      <population>16805036</population>
      <gdp>808896</gdp>
      <area>33730</area>
      <capital>Amsterdam</capital>
      <ISO_2>NL</ISO_2>
   </Entry>
   <Entry>
      <name>New Caledonia</name>
      <continent>Australia</continent>
      <population>264022</population>
      <gdp>0</gdp>
      <area>18280</area>
      <capital>Nouméa</capital>
      <ISO_2>NC</ISO_2>
   </Entry>
   <Entry>
      <name>New Zealand</name>
      <continent>Australia</continent>
      <population>4365113</population>
      <gdp>182938</gdp>
      <area>263310</area>
      <capital>Wellington</capital>
      <ISO_2>NZ</ISO_2>
   </Entry>
   <Entry>
      <name>Nicaragua</name>
      <continent>North America</continent>
      <population>5788531</population>
      <gdp>11133</gdp>
      <area>120340</area>
      <capital>Managua</capital>
      <ISO_2>NI</ISO_2>
   </Entry>
   <Entry>
      <name>Niger</name>
      <continent>Africa</continent>
      <population>17709092</population>
      <gdp>7311</gdp>
      <area>1266700</area>
      <capital>Niamey</capital>
      <ISO_2>NE</ISO_2>
   </Entry>
   <Entry>
      <name>Nigeria</name>
      <continent>Africa</continent>
      <population>174507536</population>
      <gdp>283725</gdp>
      <area>910770</area>
      <capital>Abuja</capital>
      <ISO_2>NG</ISO_2>
   </Entry>
   <Entry>
      <name>Northern Mariana Islands</name>
      <continent>Australia</continent>
      <population>43837</population>
      <gdp>0</gdp>
      <area>460</area>
      <capital>Saipan</capital>
      <ISO_2>MP</ISO_2>
   </Entry>
   <Entry>
      <name>Norway</name>
      <continent>Europe</continent>
      <population>4722701</population>
      <gdp>537258</gdp>
      <area>304250</area>
      <capital>Oslo</capital>
      <ISO_2>NO</ISO_2>
   </Entry>
   <Entry>
      <name>Palau</name>
      <continent>Australia</continent>
      <population>21108</population>
      <gdp>0</gdp>
      <area>460</area>
      <capital>Ngerulmud</capital>
      <ISO_2>PW</ISO_2>
   </Entry>
   <Entry>
      <name>Panama</name>
      <continent>South America</continent>
      <population>3559408</population>
      <gdp>41485</gdp>
      <area>74340</area>
      <capital>Panama City</capital>
      <ISO_2>PA</ISO_2>
   </Entry>
   <Entry>
      <name>Papua New Guinea</name>
      <continent>Australia</continent>
      <population>6431902</population>
      <gdp>17430</gdp>
      <area>452860</area>
      <capital>Port Moresby</capital>
      <ISO_2>PG</ISO_2>
   </Entry>
   <Entry>
      <name>Paraguay</name>
      <continent>South America</continent>
      <population>6623252</population>
      <gdp>30857</gdp>
      <area>397300</area>
      <capital>Asunción</capital>
      <ISO_2>PY</ISO_2>
   </Entry>
   <Entry>
      <name>Peru</name>
      <continent>South America</continent>
      <population>29849304</population>
      <gdp>220825</gdp>
      <area>1280000</area>
      <capital>Lima</capital>
      <ISO_2>PE</ISO_2>
   </Entry>
   <Entry>
      <name>Poland</name>
      <continent>Europe</continent>
      <population>38383808</population>
      <gdp>513394</gdp>
      <area>304150</area>
      <capital>Warsaw</capital>
      <ISO_2>PL</ISO_2>
   </Entry>
   <Entry>
      <name>Portugal</name>
      <continent>Europe</continent>
      <population>10799270</population>
      <gdp>218410</gdp>
      <area>91470</area>
      <capital>Lisbon</capital>
      <ISO_2>PT</ISO_2>
   </Entry>
   <Entry>
      <name>Puerto Rico</name>
      <continent>North America</continent>
      <population>4007996</population>
      <gdp>0</gdp>
      <area>8870</area>
      <capital>San Juan</capital>
      <ISO_2>PR</ISO_2>
   </Entry>
   <Entry>
      <name>Romania</name>
      <continent>Europe</continent>
      <population>21790480</population>
      <gdp>186970</gdp>
      <area>230160</area>
      <capital>Bucharest</capital>
      <ISO_2>RO</ISO_2>
   </Entry>
   <Entry>
      <name>Rwanda</name>
      <continent>Africa</continent>
      <population>12012589</population>
      <gdp>7769</gdp>
      <area>24670</area>
      <capital>Kigali</capital>
      <ISO_2>RW</ISO_2>
   </Entry>
   <Entry>
      <name>Saint Kitts and Nevis</name>
      <continent>North America</continent>
      <population>51134</population>
      <gdp>767</gdp>
      <area>260</area>
      <capital>Basseterre</capital>
      <ISO_2>KN</ISO_2>
   </Entry>
   <Entry>
      <name>Saint Lucia</name>
      <continent>South America</continent>
      <population>162781</population>
      <gdp>1286</gdp>
      <area>610</area>
      <capital>Castries</capital>
      <ISO_2>LC</ISO_2>
   </Entry>
   <Entry>
      <name>Saint Vincent and the Grenadines</name>
      <continent>South America</continent>
      <population>103220</population>
      <gdp>733</gdp>
      <area>390</area>
      <capital>Kingstown</capital>
      <ISO_2>VC</ISO_2>
   </Entry>
   <Entry>
      <name>Samoa</name>
      <continent>Australia</continent>
      <population>195476</population>
      <gdp>686</gdp>
      <area>2830</area>
      <capital>Apia</capital>
      <ISO_2>WS</ISO_2>
   </Entry>
   <Entry>
      <name>San Marino</name>
      <continent>Europe</continent>
      <population>32448</population>
      <gdp>1879</gdp>
      <area>60</area>
      <capital>San Marino</capital>
      <ISO_2>SM</ISO_2>
   </Entry>
   <Entry>
      <name>Sao Tome and Principe</name>
      <continent>Africa</continent>
      <population>186817</population>
      <gdp>313</gdp>
      <area>960</area>
      <capital>Sao Tome</capital>
      <ISO_2>ST</ISO_2>
   </Entry>
   <Entry>
      <name>Senegal</name>
      <continent>Africa</continent>
      <population>13300410</population>
      <gdp>14388</gdp>
      <area>192530</area>
      <capital>Dakar</capital>
      <ISO_2>SN</ISO_2>
   </Entry>
   <Entry>
      <name>Serbia</name>
      <continent>Europe</continent>
      <population>7243007</population>
      <gdp>42872</gdp>
      <area>87460</area>
      <capital>Belgrade</capital>
      <ISO_2>CS</ISO_2>
   </Entry>
   <Entry>
      <name>Seychelles</name>
      <continent>Africa</continent>
      <population>90846</population>
      <gdp>1134</gdp>
      <area>460</area>
      <capital>Victoria</capital>
      <ISO_2>SC</ISO_2>
   </Entry>
   <Entry>
      <name>Sierra Leone</name>
      <continent>Africa</continent>
      <population>5612685</population>
      <gdp>4521</gdp>
      <area>71620</area>
      <capital>Freetown</capital>
      <ISO_2>SL</ISO_2>
   </Entry>
   <Entry>
      <name>Slovakia</name>
      <continent>Europe</continent>
      <population>5488339</population>
      <gdp>98456</gdp>
      <area>48088</area>
      <capital>Bratislava</capital>
      <ISO_2>SK</ISO_2>
   </Entry>
   <Entry>
      <name>Slovenia</name>
      <continent>Europe</continent>
      <population>1992690</population>
      <gdp>46692</gdp>
      <area>20140</area>
      <capital>Ljubljana</capital>
      <ISO_2>SI</ISO_2>
   </Entry>
   <Entry>
      <name>Solomon Islands</name>
      <continent>Australia</continent>
      <population>597248</population>
      <gdp>1098</gdp>
      <area>27990</area>
      <capital>Honiara</capital>
      <ISO_2>SB</ISO_2>
   </Entry>
   <Entry>
      <name>Somalia</name>
      <continent>Africa</continent>
      <population>10251568</population>
      <gdp>0</gdp>
      <area>627340</area>
      <capital>Mogadishu</capital>
      <ISO_2>SO</ISO_2>
   </Entry>
   <Entry>
      <name>South Africa</name>
      <continent>Africa</continent>
      <population>48601096</population>
      <gdp>375994</gdp>
      <area>1213090</area>
      <capital>Pretoria</capital>
      <ISO_2>ZA</ISO_2>
   </Entry>
   <Entry>
      <name>Spain</name>
      <continent>Europe</continent>
      <population>46163116</population>
      <gdp>1387871</gdp>
      <area>498800</area>
      <capital>Madrid</capital>
      <ISO_2>ES</ISO_2>
   </Entry>
   <Entry>
      <name>Sudan</name>
      <continent>Africa</continent>
      <population>47352068</population>
      <gdp>50593</gdp>
      <area>2376000</area>
      <capital>Khartoum</capital>
      <ISO_2>SD</ISO_2>
   </Entry>
   <Entry>
      <name>Suriname</name>
      <continent>South America</continent>
      <population>566846</population>
      <gdp>5257</gdp>
      <area>156000</area>
      <capital>Paramaribo</capital>
      <ISO_2>SR</ISO_2>
   </Entry>
   <Entry>
      <name>Swaziland</name>
      <continent>Africa</continent>
      <population>1403362</population>
      <gdp>3813</gdp>
      <area>17200</area>
      <capital>Mbabane</capital>
      <ISO_2>SZ</ISO_2>
   </Entry>
   <Entry>
      <name>Sweden</name>
      <continent>Europe</continent>
      <population>9119423</population>
      <gdp>576011</gdp>
      <area>410340</area>
      <capital>Stockholm</capital>
      <ISO_2>SE</ISO_2>
   </Entry>
   <Entry>
      <name>Switzerland</name>
      <continent>Europe</continent>
      <population>7670478</population>
      <gdp>647786</gdp>
      <area>40000</area>
      <capital>Bern</capital>
      <ISO_2>CH</ISO_2>
   </Entry>
   <Entry>
      <name>Tanzania</name>
      <continent>Africa</continent>
      <population>44455220</population>
      <gdp>31886</gdp>
      <area>885800</area>
      <capital>Dodoma</capital>
      <ISO_2>TZ</ISO_2>
   </Entry>
   <Entry>
      <name>Timor-Leste</name>
      <continent>Australia</continent>
      <population>1224818</population>
      <gdp>4242</gdp>
      <area>14870</area>
      <capital>Dili</capital>
      <ISO_2>TL</ISO_2>
   </Entry>
   <Entry>
      <name>Togo</name>
      <continent>Africa</continent>
      <population>7154237</population>
      <gdp>4090</gdp>
      <area>54390</area>
      <capital>Lome</capital>
      <ISO_2>TG</ISO_2>
   </Entry>
   <Entry>
      <name>Tonga</name>
      <continent>Australia</continent>
      <population>106322</population>
      <gdp>494</gdp>
      <area>720</area>
      <capital>Nuku'alofa</capital>
      <ISO_2>TO</ISO_2>
   </Entry>
   <Entry>
      <name>Trinidad and Tobago</name>
      <continent>South America</continent>
      <population>1225225</population>
      <gdp>26768</gdp>
      <area>5130</area>
      <capital>Port of Spain</capital>
      <ISO_2>TT</ISO_2>
   </Entry>
   <Entry>
      <name>Tunisia</name>
      <continent>Africa</continent>
      <population>10835873</population>
      <gdp>49489</gdp>
      <area>155360</area>
      <capital>Tunis</capital>
      <ISO_2>TN</ISO_2>
   </Entry>
   <Entry>
      <name>Turks and Caicos Islands</name>
      <continent>North America</continent>
      <population>47754</population>
      <gdp>0</gdp>
      <area>950</area>
      <capital>Cockburn Town</capital>
      <ISO_2>TC</ISO_2>
   </Entry>
   <Entry>
      <name>Tuvalu</name>
      <continent>Australia</continent>
      <population>10698</population>
      <gdp>37</gdp>
      <area>30</area>
      <capital>Funafuti</capital>
      <ISO_2>TV</ISO_2>
   </Entry>
   <Entry>
      <name>Virgin Islands (U.S.)</name>
      <continent>South America</continent>
      <population>109473</population>
      <gdp>0</gdp>
      <area>350</area>
      <capital>Charlotte Amalie</capital>
      <ISO_2>VI</ISO_2>
   </Entry>
   <Entry>
      <name>Uganda</name>
      <continent>Africa</continent>
      <population>37181372</population>
      <gdp>21352</gdp>
      <area>199810</area>
      <capital>Kampala</capital>
      <ISO_2>UG</ISO_2>
   </Entry>
   <Entry>
      <name>Ukraine</name>
      <continent>Europe</continent>
      <population>44573204</population>
      <gdp>181595</gdp>
      <area>579320</area>
      <capital>Kiev</capital>
      <ISO_2>UA</ISO_2>
   </Entry>
   <Entry>
      <name>United Kingdom</name>
      <continent>Europe</continent>
      <population>63395576</population>
      <gdp>2422921</gdp>
      <area>241930</area>
      <capital>London</capital>
      <ISO_2>GB</ISO_2>
   </Entry>
   <Entry>
      <name>United States of America</name>
      <continent>North America</continent>
      <population>316668576</population>
      <gdp>16237746</gdp>
      <area>9147420</area>
      <capital>Washington, D.C.</capital>
      <ISO_2>US</ISO_2>
   </Entry>
   <Entry>
      <name>Uruguay</name>
      <continent>South America</continent>
      <population>3324460</population>
      <gdp>51746</gdp>
      <area>175020</area>
      <capital>Montevideo</capital>
      <ISO_2>UY</ISO_2>
   </Entry>
   <Entry>
      <name>Vanuatu</name>
      <continent>Australia</continent>
      <population>230571</population>
      <gdp>830</gdp>
      <area>12190</area>
      <capital>Port Vila</capital>
      <ISO_2>VU</ISO_2>
   </Entry>
   <Entry>
      <name>Venezuela</name>
      <continent>South America</continent>
      <population>28459084</population>
      <gdp>345651</gdp>
      <area>882050</area>
      <capital>Caracas</capital>
      <ISO_2>VE</ISO_2>
   </Entry>
   <Entry>
      <name>Zambia</name>
      <continent>Africa</continent>
      <population>14746280</population>
      <gdp>23077</gdp>
      <area>743390</area>
      <capital>Lusaka</capital>
      <ISO_2>ZM</ISO_2>
   </Entry>
   <Entry>
      <name>Zimbabwe</name>
      <continent>Africa</continent>
      <population>13182908</population>
      <gdp>10978</gdp>
      <area>386850</area>
      <capital>Harare</capital>
      <ISO_2>ZW</ISO_2>
   </Entry>
</DataTable>