<?xml version='1.0' ?><SYSUTIL VERSION='1.0' USAGE='Natural Tools and Utilities'><COMMENT> SYSUTIL - Natural tools and utilities for NaturalONE. IMPORTANT: Do not modify this member. (C) COPYRIGHT 2018 by SOFTWARE AG, Darmstadt (Germany)</COMMENT>
<TOOL><NAME>ADACALL</NAME><TITLE>Adabas Direct Calls</TITLE><LIBRARY> </LIBRARY><COMMAND>SYSADA</COMMAND><CLEARSCREEN>FALSE</CLEARSCREEN><CATEGORY>Database Management</CATEGORY><KEYWORDS>DATABASE,FILE,COMMAND</KEYWORDS><DESCRIPTION>Issues Adabas direct calls (native commands) directly to an Adabas database.</DESCRIPTION><MACHINE-CLASS>M</MACHINE-CLASS></TOOL>
<TOOL><NAME>BUS</NAME><TITLE>Buffer Usage Statistics</TITLE><LIBRARY> </LIBRARY><COMMAND>BUS</COMMAND><CLEARSCREEN>FALSE</CLEARSCREEN><CATEGORY>Environment Settings</CATEGORY><KEYWORDS>BUFFER</KEYWORDS><DESCRIPTION>Provides information on the buffers allocated for the current Natural session, their sizes, and the actual buffer space being used.</DESCRIPTION><MACHINE-CLASS>M</MACHINE-CLASS></TOOL>
<TOOL><NAME>COMPOPT</NAME><TITLE>Compilation Options</TITLE><LIBRARY> </LIBRARY><COMMAND>COMPOPT</COMMAND><CLEARSCREEN>FALSE</CLEARSCREEN><CATEGORY>Development Functions</CATEGORY><KEYWORDS>COMPILER,ENVIRONMENT</KEYWORDS><DESCRIPTION>Views compilation settings.&lt;br /&gt;&lt;strong&gt;Note:&lt;/strong&gt; Modifications made from NaturalONE will not be permanent.</DESCRIPTION><MACHINE-CLASS>MU</MACHINE-CLASS></TOOL>
<TOOL><NAME>CPINFO</NAME><TITLE>Code Page Information</TITLE><LIBRARY> </LIBRARY><COMMAND>CPINFO</COMMAND><CLEARSCREEN>FALSE</CLEARSCREEN><CATEGORY>Environment Settings</CATEGORY><KEYWORDS>CODE PAGE</KEYWORDS><DESCRIPTION>Displays all relevant Natural code page settings.</DESCRIPTION><MACHINE-CLASS>M</MACHINE-CLASS></TOOL>
<TOOL><NAME>DUMP</NAME><TITLE>Natural Diagnosis Information</TITLE><LIBRARY> </LIBRARY><COMMAND>DUMP</COMMAND><CLEARSCREEN>FALSE</CLEARSCREEN><CATEGORY>Debugging and Monitoring</CATEGORY><KEYWORDS>DUMP</KEYWORDS><DESCRIPTION>Provides information for Software AG technical support personnel in order to locate an error that caused an abnormal termination (abend) of the Natural system.</DESCRIPTION><MACHINE-CLASS>M</MACHINE-CLASS></TOOL>
<TOOL><NAME>GLOBALS</NAME><TITLE>Natural Session Parameters</TITLE><LIBRARY> </LIBRARY><COMMAND>GLOBALS</COMMAND><CLEARSCREEN>FALSE</CLEARSCREEN><CATEGORY>Environment Settings</CATEGORY><KEYWORDS>ENVIRONMENT,DATE,DUMP,INPUT</KEYWORDS><DESCRIPTION>Views Natural session parameters.&lt;br /&gt;&lt;strong&gt;Note:&lt;/strong&gt; Modifications made from NaturalONE will not be permanent.</DESCRIPTION><MACHINE-CLASS>M</MACHINE-CLASS></TOOL>
<TOOL><NAME>LIST</NAME><TITLE>List Natural Object(s)</TITLE><LIBRARY></LIBRARY><COMMAND>LIST * $PGM$</COMMAND><CLEARSCREEN>FALSE</CLEARSCREEN><CATEGORY>Development Functions</CATEGORY><KEYWORDS>LIST,OBJECT</KEYWORDS><DESCRIPTION>Lists objects which are contained in the current library.</DESCRIPTION><MACHINE-CLASS>M</MACHINE-CLASS></TOOL>
<TOOL><NAME>LISTDBRM</NAME><TITLE>List DBRMs </TITLE><LIBRARY>SYSDB2</LIBRARY><COMMAND>LISTDBRM</COMMAND><CLEARSCREEN>FALSE</CLEARSCREEN><CATEGORY>Database Management</CATEGORY><KEYWORDS>DATABASE,DB2,SQL</KEYWORDS><DESCRIPTION>Displays existing DBRMs (Natural for DB2) or existing packages (Natural for SQL) of Natural programs or Natural programs referencing a given DBRM. </DESCRIPTION><MACHINE-CLASS>M</MACHINE-CLASS></TOOL>
<TOOL><NAME>LISTSQLB</NAME><TITLE>Explain SQL Statements</TITLE><LIBRARY>SYSSQL</LIBRARY><COMMAND>LISTSQLB</COMMAND><CLEARSCREEN>FALSE</CLEARSCREEN><CATEGORY>Database Management</CATEGORY><KEYWORDS>DATABASE,SQL</KEYWORDS><DESCRIPTION>Explains SQL statements. &lt;br /&gt;&lt;strong&gt;Note:&lt;/strong&gt; This command is only available with Natural for DB2.</DESCRIPTION><MACHINE-CLASS>M</MACHINE-CLASS></TOOL>
<TOOL><NAME>MSG</NAME><TITLE>Message Retrieval</TITLE><LIBRARY></LIBRARY><COMMAND>SYSUTIL -MSG</COMMAND><CLEARSCREEN>FALSE</CLEARSCREEN><CATEGORY>Development Functions</CATEGORY><KEYWORDS>HELP,MESSAGE,ERROR</KEYWORDS><DESCRIPTION>HTML:SAG-UTIL-MSG.HTM</DESCRIPTION><MACHINE-CLASS>A</MACHINE-CLASS></TOOL>
<TOOL><NAME>NATQVS</NAME><TITLE>Machine Characteristics</TITLE><LIBRARY> </LIBRARY><COMMAND>NATQVS</COMMAND><CLEARSCREEN>FALSE</CLEARSCREEN><CATEGORY>Environment Settings</CATEGORY><KEYWORDS>MACHINE,LICENSE</KEYWORDS><DESCRIPTION>Displays information about the characteristics of the machine that is currently executing Natural (for example, the CPU ID).</DESCRIPTION><MACHINE-CLASS>M</MACHINE-CLASS></TOOL>
<TOOL><NAME>Optimize</NAME><TITLE>Test the Adabas and Natural Data Collectors</TITLE><LIBRARY>SYSEDM</LIBRARY><COMMAND>MENU</COMMAND><CLEARSCREEN>FALSE</CLEARSCREEN><CATEGORY>Debugging and Monitoring</CATEGORY><KEYWORDS>MONITOR,INFRASTRUCTURE,OPTIMIZE,PRODUCT</KEYWORDS><DESCRIPTION>Reviews the data provided by the Adabas and Natural Data Collectors for Optimize for Infrastructure.</DESCRIPTION><MACHINE-CLASS>A</MACHINE-CLASS></TOOL>
<TOOL><NAME>ROUTINES</NAME><TITLE>External Subroutine Usage</TITLE><LIBRARY> </LIBRARY><COMMAND>ROUTINES</COMMAND><CLEARSCREEN>FALSE</CLEARSCREEN><CATEGORY>Debugging and Monitoring</CATEGORY><KEYWORDS>MONITOR,SUBROUTINE</KEYWORDS><DESCRIPTION>Ascertains which cataloged objects in the current library use which external subroutines.</DESCRIPTION><MACHINE-CLASS>M</MACHINE-CLASS></TOOL>
<TOOL><NAME>SHOWDBS</NAME><TITLE>Show Databases</TITLE><LIBRARY> </LIBRARY><COMMAND>SHOWDBS</COMMAND><CLEARSCREEN>TRUE</CLEARSCREEN><CATEGORY>Database Management</CATEGORY><KEYWORDS>DATABASE</KEYWORDS><DESCRIPTION>Views information on the databases available in your environment and the options (like read-only properties) defined for them.</DESCRIPTION><MACHINE-CLASS>M</MACHINE-CLASS></TOOL>
<TOOL><NAME>SYSAPI</NAME><TITLE>Natural Add-On APIs</TITLE><LIBRARY> </LIBRARY><COMMAND>SYSAPI</COMMAND><CLEARSCREEN>FALSE</CLEARSCREEN><CATEGORY>Example Libraries</CATEGORY><KEYWORDS>EXAMPLE,API,ADD-ON</KEYWORDS><DESCRIPTION>Locates Application Programming Interfaces (APIs) provided by Natural add-on products. </DESCRIPTION><MACHINE-CLASS>M</MACHINE-CLASS></TOOL>
<TOOL><NAME>SYSBPM</NAME><TITLE>Buffer Pool Management</TITLE><LIBRARY> </LIBRARY><COMMAND>SYSBPM</COMMAND><CLEARSCREEN>FALSE</CLEARSCREEN><CATEGORY>Debugging and Monitoring</CATEGORY><KEYWORDS>BUFFER POOL</KEYWORDS><DESCRIPTION>Monitors and controls the Natural buffer pool.</DESCRIPTION><MACHINE-CLASS>M</MACHINE-CLASS></TOOL>
<TOOL><NAME>SYSCP</NAME><TITLE>Code Page Administration</TITLE><LIBRARY> </LIBRARY><COMMAND>SYSCP</COMMAND><CLEARSCREEN>FALSE</CLEARSCREEN><CATEGORY>Maintenance and Transfer</CATEGORY><KEYWORDS>CODE PAGE,UNICODE</KEYWORDS><DESCRIPTION>Provides code page information and can be used to administrate code pages for Natural source objects.</DESCRIPTION><MACHINE-CLASS>M</MACHINE-CLASS></TOOL>
<TOOL><NAME>SYSDB2</NAME><TITLE>Natural Tools for DB2</TITLE><LIBRARY> </LIBRARY><COMMAND>SYSDB2</COMMAND><CLEARSCREEN>FALSE</CLEARSCREEN><CATEGORY>Database Management</CATEGORY><KEYWORDS>DATABASE,DB2</KEYWORDS><DESCRIPTION>Invokes Natural Tools for DB2.&lt;br /&gt;&lt;strong&gt;Note:&lt;/strong&gt; This command is only available with Natural for DB2.</DESCRIPTION><MACHINE-CLASS>M</MACHINE-CLASS></TOOL>
<TOOL><NAME>SYSEXT</NAME><TITLE>Natural Application Programming Interfaces (APIs)</TITLE><LIBRARY></LIBRARY><COMMAND>SYSEXT</COMMAND><CLEARSCREEN>FALSE</CLEARSCREEN><CATEGORY>Example Libraries</CATEGORY><KEYWORDS>API,EXAMPLE</KEYWORDS><DESCRIPTION>Locates Natural Application Programming Interfaces (APIs). </DESCRIPTION><MACHINE-CLASS>A</MACHINE-CLASS></TOOL>
<TOOL><NAME>SYSEXV</NAME><TITLE>New Features of Natural Versions</TITLE><LIBRARY></LIBRARY><COMMAND>SYSEXV</COMMAND><CLEARSCREEN>FALSE</CLEARSCREEN><CATEGORY>Example Libraries</CATEGORY><KEYWORDS>FEATURE,EXAMPLE</KEYWORDS><DESCRIPTION>Provides examples of new features of Natural versions.&lt;br /&gt;The examples can be listed by category, version or member name.</DESCRIPTION><MACHINE-CLASS>A</MACHINE-CLASS></TOOL>
<TOOL><NAME>SYSPARM</NAME><TITLE>Natural Parameter Profile Maintenance</TITLE><LIBRARY> </LIBRARY><COMMAND>SYSPARM</COMMAND><CLEARSCREEN>FALSE</CLEARSCREEN><CATEGORY>Environment Settings</CATEGORY><KEYWORDS>PARAMETER,ENVIRONMENT</KEYWORDS><DESCRIPTION>Creates and maintains Natural parameter profiles containing a set of Natural profile parameters.</DESCRIPTION><MACHINE-CLASS>M</MACHINE-CLASS></TOOL>
<TOOL><NAME>SYSRPC</NAME><TITLE>Natural RPC Maintenance</TITLE><LIBRARY> </LIBRARY><COMMAND>SYSRPC</COMMAND><CLEARSCREEN>FALSE</CLEARSCREEN><CATEGORY>Maintenance and Transfer</CATEGORY><KEYWORDS>CALL,CLIENT,SERVER</KEYWORDS><DESCRIPTION>Establishes and maintains Natural RPC (Remote Procedure Call) environments. </DESCRIPTION><MACHINE-CLASS>MU</MACHINE-CLASS></TOOL>
<TOOL><NAME>SYSTP</NAME><TITLE>Natural Characteristics for TP Monitors</TITLE><LIBRARY> </LIBRARY><COMMAND>SYSTP</COMMAND><CLEARSCREEN>FALSE</CLEARSCREEN><CATEGORY>Debugging and Monitoring</CATEGORY><KEYWORDS>MONITOR</KEYWORDS><DESCRIPTION>Monitors and controls TP-monitor-specific characteristics of Natural.</DESCRIPTION><MACHINE-CLASS>M</MACHINE-CLASS></TOOL>
<TOOL><NAME>TECH</NAME><TITLE>Technical Session Information</TITLE><LIBRARY> </LIBRARY><COMMAND>TECH</COMMAND><CLEARSCREEN>TRUE</CLEARSCREEN><CATEGORY>Environment Settings</CATEGORY><KEYWORDS>SESSION</KEYWORDS><DESCRIPTION>Displays technical and other information about the Natural session.</DESCRIPTION><MACHINE-CLASS>MU</MACHINE-CLASS></TOOL>
</SYSUTIL>
